,Year,Day,Month,New_rate,Date
0,1694,1,Oct,6.0,1694-10-01
2,1695,1,Jan,4.5,1695-01-01
3,1695,1,May,3.0,1695-05-01
5,1699,1,June,4.5,1699-06-01
7,1716,1,July,4.0,1716-07-01
9,1719,1,Apr,5.0,1719-04-01
11,1822,1,June,4.0,1822-06-01
13,1825,1,Dec,5.0,1825-12-01
15,1827,1,July,4.0,1827-07-01
17,1836,1,July,4.5,1836-07-01
18,1836,1,Sep,5.0,1836-09-01
20,1838,1,Feb,4.0,1838-02-01
22,1839,1,May,5.0,1839-05-01
23,1839,1,Jun,5.5,1839-06-01
24,1839,1,Aug,6.0,1839-08-01
26,1840,1,Jan,5.0,1840-01-01
28,1842,1,Apr,4.0,1842-04-01
30,1844,7,Sep,2.5,1844-09-07
32,1845,16,Oct,3.0,1845-10-16
33,1845,6,Nov,3.5,1845-11-06
35,1846,27,Aug,3.0,1846-08-27
37,1847,14,Jan,3.5,1847-01-14
38,1847,21,Jan,4.0,1847-01-21
39,1847,8,Apr,5.0,1847-04-08
40,1847,5,Aug,5.5,1847-08-05
41,1847,30,Sept,6.0,1847-09-30
42,1847,25,Oct,8.0,1847-10-25
43,1847,22,Nov,7.0,1847-11-22
44,1847,2,Dec,6.0,1847-12-02
45,1847,23,Dec,5.0,1847-12-23
47,1848,27,Jan,4.0,1848-01-27
48,1848,15,June,3.5,1848-06-15
49,1848,2,Nov,3.0,1848-11-02
51,1849,22,Nov,2.5,1849-11-22
53,1850,26,Dec,3.0,1850-12-26
55,1852,1,Jan,2.5,1852-01-01
56,1852,22,Apr,2.0,1852-04-22
58,1853,6,Jan,2.5,1853-01-06
59,1853,20,Jan,3.0,1853-01-20
60,1853,2,June,3.5,1853-06-02
61,1853,1,Sep,4.0,1853-09-01
62,1853,15,Sep,4.5,1853-09-15
63,1853,29,Sep,5.0,1853-09-29
65,1854,11,May,5.5,1854-05-11
66,1854,3,Aug,5.0,1854-08-03
68,1855,5,Apr,4.5,1855-04-05
69,1855,3,May,4.0,1855-05-03
70,1855,14,June,3.5,1855-06-14
71,1855,6,Sep,4.0,1855-09-06
72,1855,13,Sep,4.5,1855-09-13
73,1855,27,Sep,5.0,1855-09-27
74,1855,4,Oct,5.5,1855-10-04
75,1855,18,Oct,7.0,1855-10-18
77,1856,22,May,6.0,1856-05-22
78,1856,29,May,5.0,1856-05-29
79,1856,26,June,4.5,1856-06-26
80,1856,2,Oct,5.0,1856-10-02
81,1856,29,Oct,7.0,1856-10-29
82,1856,15,Nov,7.0,1856-11-15
83,1856,4,Dec,6.5,1856-12-04
84,1856,18,Dec,6.0,1856-12-18
86,1857,2,Apr,6.5,1857-04-02
87,1857,18,June,6.0,1857-06-18
88,1857,16,July,5.5,1857-07-16
89,1857,8,Oct,6.0,1857-10-08
90,1857,15,Oct,7.0,1857-10-15
91,1857,19,Oct,8.0,1857-10-19
92,1857,5,Nov,9.0,1857-11-05
93,1857,12,Nov,10.0,1857-11-12
94,1857,24,Dec,8.0,1857-12-24
96,1858,7,Jan,6.0,1858-01-07
97,1858,11,Jan,5.0,1858-01-11
98,1858,28,Jan,4.0,1858-01-28
99,1858,4,Feb,3.5,1858-02-04
100,1858,11,Feb,3.0,1858-02-11
101,1858,9,Dec,2.5,1858-12-09
103,1859,28,Apr,3.5,1859-04-28
104,1859,5,May,4.5,1859-05-05
105,1859,2,June,3.5,1859-06-02
106,1859,9,June,3.0,1859-06-09
107,1859,14,July,2.5,1859-07-14
109,1860,19,Jan,3.0,1860-01-19
110,1860,31,Jan,4.0,1860-01-31
111,1860,29,Mar,4.5,1860-03-29
112,1860,12,Apr,5.0,1860-04-12
113,1860,10,May,4.5,1860-05-10
114,1860,24,May,4.0,1860-05-24
115,1860,8,Nov,4.5,1860-11-08
116,1860,13,Nov,5.0,1860-11-13
117,1860,15,Nov,6.0,1860-11-15
118,1860,29,Nov,5.0,1860-11-29
119,1860,31,Dec,6.0,1860-12-31
121,1861,7,Jan,7.0,1861-01-07
122,1861,14,Feb,8.0,1861-02-14
123,1861,21,Mar,7.0,1861-03-21
124,1861,4,Apr,6.0,1861-04-04
125,1861,11,Apr,5.0,1861-04-11
126,1861,16,May,6.0,1861-05-16
127,1861,1,Aug,5.0,1861-08-01
128,1861,15,Aug,4.5,1861-08-15
129,1861,29,Aug,4.0,1861-08-29
130,1861,19,Sep,3.5,1861-09-19
131,1861,7,Nov,3.0,1861-11-07
133,1862,9,Jan,2.5,1862-01-09
134,1862,22,May,3.0,1862-05-22
135,1862,10,July,2.5,1862-07-10
136,1862,24,July,2.0,1862-07-24
137,1862,30,Oct,3.0,1862-10-30
139,1863,15,Jan,4.0,1863-01-15
140,1863,28,Jan,5.0,1863-01-28
141,1863,19,Feb,4.0,1863-02-19
142,1863,23,Apr,3.5,1863-04-23
143,1863,30,Apr,3.0,1863-04-30
144,1863,16,May,3.5,1863-05-16
145,1863,21,May,4.0,1863-05-21
146,1863,2,Nov,5.0,1863-11-02
147,1863,5,Nov,6.0,1863-11-05
148,1863,2,Dec,7.0,1863-12-02
149,1863,3,Dec,8.0,1863-12-03
150,1863,24,Dec,7.0,1863-12-24
152,1864,20,Jan,8.0,1864-01-20
153,1864,11,Feb,7.0,1864-02-11
154,1864,25,Feb,6.0,1864-02-25
155,1864,16,Apr,7.0,1864-04-16
156,1864,2,May,8.0,1864-05-02
157,1864,5,May,9.0,1864-05-05
158,1864,19,May,8.0,1864-05-19
159,1864,26,May,7.0,1864-05-26
160,1864,16,June,6.0,1864-06-16
161,1864,25,July,7.0,1864-07-25
162,1864,4,Aug,8.0,1864-08-04
163,1864,8,Sep,9.0,1864-09-08
164,1864,10,Nov,8.0,1864-11-10
165,1864,24,Nov,7.0,1864-11-24
166,1864,15,Dec,6.0,1864-12-15
168,1865,12,Jan,5.5,1865-01-12
169,1865,26,Jan,5.0,1865-01-26
170,1865,2,Mar,4.5,1865-03-02
171,1865,30,Mar,4.0,1865-03-30
172,1865,4,May,4.5,1865-05-04
173,1865,25,May,4.0,1865-05-25
174,1865,1,June,3.5,1865-06-01
175,1865,15,June,3.0,1865-06-15
176,1865,27,July,3.5,1865-07-27
177,1865,3,Aug,4.0,1865-08-03
178,1865,28,Sep,4.5,1865-09-28
179,1865,2,Oct,5.0,1865-10-02
180,1865,5,Oct,6.0,1865-10-05
181,1865,7,Oct,7.0,1865-10-07
182,1865,23,Nov,6.0,1865-11-23
183,1865,28,Dec,7.0,1865-12-28
185,1866,4,Jan,8.0,1866-01-04
186,1866,22,Feb,7.0,1866-02-22
187,1866,15,Mar,6.0,1866-03-15
188,1866,3,May,7.0,1866-05-03
189,1866,8,May,8.0,1866-05-08
190,1866,11,May,9.0,1866-05-11
191,1866,12,May,10.0,1866-05-12
192,1866,16,Aug,8.0,1866-08-16
193,1866,23,Aug,7.0,1866-08-23
194,1866,30,Aug,6.0,1866-08-30
195,1866,6,Sep,5.0,1866-09-06
196,1866,27,Sep,4.5,1866-09-27
197,1866,8,Nov,4.0,1866-11-08
198,1866,20,Dec,3.5,1866-12-20
200,1867,7,Feb,3.0,1867-02-07
201,1867,30,May,2.5,1867-05-30
202,1867,25,Jul,2.0,1867-07-25
204,1868,19,Nov,2.5,1868-11-19
205,1868,3,Dec,3.0,1868-12-03
207,1869,1,Apr,4.0,1869-04-01
208,1869,6,May,4.5,1869-05-06
209,1869,10,Jun,4.0,1869-06-10
210,1869,24,Jun,3.5,1869-06-24
211,1869,15,Jul,3.0,1869-07-15
212,1869,19,Aug,2.5,1869-08-19
213,1869,4,Nov,3.0,1869-11-04
215,1870,21,Jul,3.5,1870-07-21
216,1870,23,Jul,4.0,1870-07-23
217,1870,28,Jul,5.0,1870-07-28
218,1870,4,Aug,6.0,1870-08-04
219,1870,11,Aug,5.5,1870-08-11
220,1870,18,Aug,4.5,1870-08-18
221,1870,25,Aug,4.0,1870-08-25
222,1870,1,Sep,3.5,1870-09-01
223,1870,15,Sep,3.0,1870-09-15
224,1870,29,Sep,2.5,1870-09-29
226,1871,2,Mar,3.0,1871-03-02
227,1871,13,Apr,2.5,1871-04-13
228,1871,15,Jun,2.25,1871-06-15
229,1871,13,Jul,2.0,1871-07-13
230,1871,21,Sep,3.0,1871-09-21
231,1871,28,Sep,4.0,1871-09-28
232,1871,7,Oct,5.0,1871-10-07
233,1871,16,Nov,4.0,1871-11-16
234,1871,30,Nov,3.5,1871-11-30
235,1871,14,Dec,3.0,1871-12-14
237,1872,4,Apr,3.5,1872-04-04
238,1872,11,Apr,4.0,1872-04-11
239,1872,9,May,5.0,1872-05-09
240,1872,30,May,4.0,1872-05-30
241,1872,13,Jun,3.5,1872-06-13
242,1872,20,Jun,3.0,1872-06-20
243,1872,18,Jul,3.5,1872-07-18
244,1872,18,Sep,4.0,1872-09-18
245,1872,26,Sep,4.5,1872-09-26
246,1872,3,Oct,5.0,1872-10-03
247,1872,10,Oct,6.0,1872-10-10
248,1872,9,Nov,7.0,1872-11-09
249,1872,28,Nov,6.0,1872-11-28
250,1872,12,Dec,5.0,1872-12-12
252,1873,9,Jan,4.5,1873-01-09
253,1873,23,Jan,4.0,1873-01-23
254,1873,30,Jan,3.5,1873-01-30
255,1873,26,Mar,4.0,1873-03-26
256,1873,7,May,4.5,1873-05-07
257,1873,10,May,5.0,1873-05-10
258,1873,17,May,6.0,1873-05-17
259,1873,4,Jun,7.0,1873-06-04
260,1873,12,Jun,6.0,1873-06-12
261,1873,10,July,5.0,1873-07-10
262,1873,17,July,4.5,1873-07-17
263,1873,24,July,4.0,1873-07-24
264,1873,31,July,3.5,1873-07-31
265,1873,21,Aug,3.0,1873-08-21
266,1873,25,Sep,4.0,1873-09-25
267,1873,29,Sep,5.0,1873-09-29
268,1873,14,Oct,6.0,1873-10-14
269,1873,18,Oct,7.0,1873-10-18
270,1873,1,Nov,8.0,1873-11-01
271,1873,7,Nov,9.0,1873-11-07
272,1873,20,Nov,8.0,1873-11-20
273,1873,27,Nov,6.0,1873-11-27
274,1873,4,Dec,5.0,1873-12-04
275,1873,11,Dec,4.5,1873-12-11
277,1874,8,Jan,4.0,1874-01-08
278,1874,15,Jan,3.5,1874-01-15
279,1874,30,Apr,4.0,1874-04-30
280,1874,28,May,3.5,1874-05-28
281,1874,4,Jun,3.0,1874-06-04
282,1874,18,Jun,2.5,1874-06-18
283,1874,30,July,3.0,1874-07-30
284,1874,6,Aug,4.0,1874-08-06
285,1874,20,Aug,3.5,1874-08-20
286,1874,27,Aug,3.0,1874-08-27
287,1874,15,Oct,4.0,1874-10-15
288,1874,16,Nov,5.0,1874-11-16
289,1874,30,Nov,6.0,1874-11-30
291,1875,7,Jan,5.0,1875-01-07
292,1875,14,Jan,4.0,1875-01-14
293,1875,28,Jan,3.0,1875-01-28
294,1875,18,Feb,3.5,1875-02-18
295,1875,8,Jul,3.0,1875-07-08
296,1875,29,Jul,2.5,1875-07-29
297,1875,12,Aug,2.0,1875-08-12
298,1875,7,Oct,2.5,1875-10-07
299,1875,14,Oct,3.5,1875-10-14
300,1875,21,Oct,4.0,1875-10-21
301,1875,18,Nov,3.0,1875-11-18
302,1875,30,Dec,4.0,1875-12-30
304,1876,6,Jan,5.0,1876-01-06
305,1876,27,Jan,4.0,1876-01-27
306,1876,23,Mar,3.5,1876-03-23
307,1876,6,Apr,3.0,1876-04-06
308,1876,20,Apr,2.0,1876-04-20
310,1877,3,May,3.0,1877-05-03
311,1877,5,Jul,2.5,1877-07-05
312,1877,12,Jul,2.0,1877-07-12
313,1877,28,Aug,3.0,1877-08-28
314,1877,4,Oct,4.0,1877-10-04
315,1877,11,Oct,5.0,1877-10-11
316,1877,29,Nov,4.0,1877-11-29
318,1878,10,Jan,3.0,1878-01-10
319,1878,31,Jan,2.0,1878-01-31
320,1878,28,Mar,3.0,1878-03-28
321,1878,30,May,2.5,1878-05-30
322,1878,27,Jun,3.0,1878-06-27
323,1878,4,Jul,3.2,1878-07-04
324,1878,1,Aug,4.0,1878-08-01
325,1878,12,Aug,5.0,1878-08-12
326,1878,14,Oct,6.0,1878-10-14
327,1878,21,Nov,5.0,1878-11-21
329,1879,16,Jan,4.0,1879-01-16
330,1879,30,Jan,3.0,1879-01-30
331,1879,13,Mar,2.5,1879-03-13
332,1879,10,Apr,2.0,1879-04-10
333,1879,6,Nov,3.0,1879-11-06
335,1880,17,Jun,2.5,1880-06-17
336,1880,9,Dec,3.0,1880-12-09
338,1881,13,Jan,3.5,1881-01-13
339,1881,17,Feb,3.0,1881-02-17
340,1881,28,Apr,2.5,1881-04-28
341,1881,18,Aug,3.0,1881-08-18
342,1881,25,Aug,4.0,1881-08-25
343,1881,6,Oct,5.0,1881-10-06
345,1882,30,Jan,6.0,1882-01-30
346,1882,23,Feb,5.0,1882-02-23
347,1882,9,Mar,4.0,1882-03-09
348,1882,23,Mar,3.0,1882-03-23
349,1882,17,Aug,4.0,1882-08-17
350,1882,14,Sep,5.0,1882-09-14
352,1883,25,Jan,4.0,1883-01-25
353,1883,15,Feb,3.5,1883-02-15
354,1883,1,Mar,3.0,1883-03-01
355,1883,10,May,4.0,1883-05-10
356,1883,13,Sep,3.5,1883-09-13
357,1883,27,Sep,3.0,1883-09-27
359,1884,7,Feb,3.5,1884-02-07
360,1884,13,Mar,3.0,1884-03-13
361,1884,3,Apr,2.5,1884-04-03
362,1884,19,June,2.0,1884-06-19
363,1884,9,Oct,3.0,1884-10-09
364,1884,30,Oct,4.0,1884-10-30
365,1884,6,Nov,5.0,1884-11-06
367,1885,29,Jan,4.0,1885-01-29
368,1885,19,Mar,3.5,1885-03-19
369,1885,7,May,3.0,1885-05-07
370,1885,14,May,2.5,1885-05-14
371,1885,28,May,2.0,1885-05-28
372,1885,12,Nov,3.0,1885-11-12
373,1885,17,Dec,4.0,1885-12-17
375,1886,21,Jan,3.0,1886-01-21
376,1886,18,Feb,2.0,1886-02-18
377,1886,6,May,3.0,1886-05-06
378,1886,10,June,2.5,1886-06-10
379,1886,26,Aug,3.5,1886-08-26
380,1886,21,Oct,4.0,1886-10-21
381,1886,16,Dec,5.0,1886-12-16
383,1887,3,Feb,4.0,1887-02-03
384,1887,10,Mar,3.5,1887-03-10
385,1887,24,Mar,3.0,1887-03-24
386,1887,14,Apr,2.5,1887-04-14
387,1887,28,Apr,2.0,1887-04-28
388,1887,4,Aug,3.0,1887-08-04
389,1887,1,Sep,4.0,1887-09-01
391,1888,12,Jan,3.5,1888-01-12
392,1888,19,Jan,3.0,1888-01-19
393,1888,16,Feb,2.5,1888-02-16
394,1888,15,Mar,2.0,1888-03-15
395,1888,10,May,3.0,1888-05-10
396,1888,7,June,2.5,1888-06-07
397,1888,9,Aug,3.0,1888-08-09
398,1888,13,Sep,4.0,1888-09-13
399,1888,4,Oct,5.0,1888-10-04
401,1889,10,Jan,4.0,1889-01-10
402,1889,24,Jan,3.5,1889-01-24
403,1889,31,Jan,3.0,1889-01-31
404,1889,18,Apr,2.5,1889-04-18
405,1889,8,Aug,3.0,1889-08-08
406,1889,29,Aug,4.0,1889-08-29
407,1889,26,Sep,5.0,1889-09-26
408,1889,30,Dec,6.0,1889-12-30
410,1890,20,Fen,5.0,
411,1890,6,Mar,4.5,1890-03-06
412,1890,13,Mar,4.0,1890-03-13
413,1890,10,Apr,3.5,1890-04-10
414,1890,17,Apr,3.0,1890-04-17
415,1890,26,Jun,4.0,1890-06-26
416,1890,31,Jul,5.0,1890-07-31
417,1890,21,Aug,4.0,1890-08-21
418,1890,25,Sep,5.0,1890-09-25
419,1890,7,Nov,6.0,1890-11-07
420,1890,4,Dec,5.0,1890-12-04
422,1891,8,Jan,4.0,1891-01-08
423,1891,22,Jan,3.5,1891-01-22
424,1891,29,Jan,3.0,1891-01-29
425,1891,16,Apr,3.5,1891-04-16
426,1891,7,May,4.0,1891-05-07
427,1891,14,May,5.0,1891-05-14
428,1891,4,Jun,4.0,1891-06-04
429,1891,18,Jun,3.0,1891-06-18
430,1891,2,Jul,2.5,1891-07-02
431,1891,24,Sep,3.0,1891-09-24
432,1891,29,Oct,4.0,1891-10-29
433,1891,10,Dec,3.5,1891-12-10
435,1892,21,Jan,3.0,1892-01-21
436,1892,7,Apr,2.5,1892-04-07
437,1892,28,Apr,2.0,1892-04-28
438,1892,20,Oct,3.0,1892-10-20
440,1893,26,Jan,2.5,1893-01-26
441,1893,4,May,3.0,1893-05-04
442,1893,11,May,3.5,1893-05-11
443,1893,18,May,4.0,1893-05-18
444,1893,8,Jun,3.0,1893-06-08
445,1893,15,Jun,2.5,1893-06-15
446,1893,3,Aug,3.0,1893-08-03
447,1893,10,Aug,4.0,1893-08-10
448,1893,24,Aug,5.0,1893-08-24
449,1893,14,Sep,4.0,1893-09-14
450,1893,21,Sep,3.5,1893-09-21
451,1893,5,Oct,3.0,1893-10-05
453,1894,1,Feb,2.5,1894-02-01
454,1894,22,Feb,2.0,1894-02-22
456,1896,10,Sep,2.5,1896-09-10
457,1896,24,Sep,3.0,1896-09-24
458,1896,22,Oct,4.0,1896-10-22
460,1897,21,Jan,3.5,1897-01-21
461,1897,4,Feb,3.0,1897-02-04
462,1897,8,Apr,2.5,1897-04-08
463,1897,13,May,2.0,1897-05-13
464,1897,23,Sep,2.5,1897-09-23
465,1897,14,Oct,3.0,1897-10-14
467,1898,6,Apr,4.0,1898-04-06
468,1898,25,May,3.5,1898-05-25
469,1898,2,Jun,3.0,1898-06-02
470,1898,30,Jun,2.5,1898-06-30
471,1898,22,Sep,3.0,1898-09-22
472,1898,13,Oct,4.0,1898-10-13
474,1899,19,Jan,3.5,1899-01-19
475,1899,2,Feb,3.0,1899-02-02
476,1899,13,Jul,3.5,1899-07-13
477,1899,3,Oct,4.5,1899-10-03
478,1899,5,Oct,5.0,1899-10-05
479,1899,30,Nov,6.0,1899-11-30
481,1900,11,Jan,5.0,1900-01-11
482,1900,18,Jan,4.5,1900-01-18
483,1900,25,Jan,4.0,1900-01-25
484,1900,24,May,3.5,1900-05-24
485,1900,14,Jun,3.0,1900-06-14
486,1900,19,Jul,4.0,1900-07-19
488,1901,3,Jan,5.0,1901-01-03
489,1901,7,Feb,4.5,1901-02-07
490,1901,21,Feb,4.0,1901-02-21
491,1901,6,Jun,3.5,1901-06-06
492,1901,13,Jun,3.0,1901-06-13
493,1901,21,Oct,4.0,1901-10-21
495,1902,23,Jan,3.5,1902-01-23
496,1902,6,Feb,3.0,1902-02-06
497,1902,2,Oct,4.0,1902-10-02
499,1903,21,May,3.5,1903-05-21
500,1903,18,Jun,3.0,1903-06-18
501,1903,3,Sep,4.0,1903-09-03
503,1904,14,Apr,3.5,1904-04-14
504,1904,21,Apr,3.0,1904-04-21
506,1905,9,Mar,2.5,1905-03-09
507,1905,7,Sep,3.0,1905-09-07
508,1905,28,Sep,4.0,1905-09-28
510,1906,5,Apr,3.5,1906-04-05
511,1906,3,May,4.0,1906-05-03
512,1906,21,Jun,3.5,1906-06-21
513,1906,13,Sep,4.0,1906-09-13
514,1906,11,Oct,5.0,1906-10-11
515,1906,19,Oct,6.0,1906-10-19
517,1907,17,Jan,5.0,1907-01-17
518,1907,11,Apr,4.5,1907-04-11
519,1907,25,Apr,4.0,1907-04-25
520,1907,15,Aug,4.5,1907-08-15
521,1907,31,Oct,5.5,1907-10-31
522,1907,4,Nov,6.0,1907-11-04
523,1907,7,Nov,7.0,1907-11-07
525,1908,2,Jan,6.0,1908-01-02
526,1908,16,Jan,5.0,1908-01-16
527,1908,23,Jan,4.0,1908-01-23
528,1908,5,Mar,3.5,1908-03-05
529,1908,19,Mar,3.0,1908-03-19
530,1908,28,May,2.5,1908-05-28
532,1909,14,Jan,3.0,1909-01-14
533,1909,1,Apr,2.5,1909-04-01
534,1909,7,Oct,3.0,1909-10-07
535,1909,14,Oct,4.0,1909-10-14
536,1909,21,Oct,5.0,1909-10-21
537,1909,9,Dec,4.5,1909-12-09
539,1910,6,Jan,4.0,1910-01-06
540,1910,20,Jan,3.5,1910-01-20
541,1910,10,Feb,3.0,1910-02-10
542,1910,17,Mar,4.0,1910-03-17
543,1910,2,Jun,3.5,1910-06-02
544,1910,9,Jun,3.0,1910-06-09
545,1910,29,Sep,4.0,1910-09-29
546,1910,20,Oct,5.0,1910-10-20
547,1910,1,Dec,4.5,1910-12-01
549,1911,26,Jan,4.0,1911-01-26
550,1911,16,Feb,3.5,1911-02-16
551,1911,9,Mar,3.0,1911-03-09
552,1911,21,Sep,4.0,1911-09-21
554,1912,8,Feb,3.5,1912-02-08
555,1912,9,May,3.0,1912-05-09
556,1912,29,Aug,4.0,1912-08-29
557,1912,17,Oct,5.0,1912-10-17
559,1913,17,Apr,4.5,1913-04-17
560,1913,1,Oct,5.0,1913-10-01
562,1914,8,Jan,4.5,1914-01-08
563,1914,22,Jan,4.0,1914-01-22
564,1914,29,Jan,3.0,1914-01-29
565,1914,30,Jul,4.0,1914-07-30
566,1914,31,Jul,8.0,1914-07-31
567,1914,1,Aug,10.0,1914-08-01
568,1914,6,Aug,6.0,1914-08-06
569,1914,8,Aug,5.0,1914-08-08
573,1916,13,July,6.0,1916-07-13
575,1917,18,Jan,5.5,1917-01-18
576,1917,5,Apr,5.0,1917-04-05
580,1919,6,Nov,6.0,1919-11-06
582,1920,15,Apr,7.0,1920-04-15
584,1921,28,Apr,6.5,1921-04-28
585,1921,23,Jun,6.0,1921-06-23
586,1921,21,Jul,5.5,1921-07-21
587,1921,3,Nov,5.0,1921-11-03
589,1922,16,Feb,4.5,1922-02-16
590,1922,13,Apr,4.0,1922-04-13
591,1922,15,Jun,3.5,1922-06-15
592,1922,13,Jul,3.0,1922-07-13
594,1923,5,Jul,4.0,1923-07-05
598,1925,5,Mar,5.0,1925-03-05
599,1925,6,Aug,4.5,1925-08-06
600,1925,1,Oct,4.0,1925-10-01
601,1925,3,Dec,5.0,1925-12-03
605,1927,21,Apr,4.5,1927-04-21
609,1929,7,Feb,5.5,1929-02-07
610,1929,26,Sep,6.5,1929-09-26
611,1929,31,Oct,6.0,1929-10-31
612,1929,21,Nov,5.5,1929-11-21
613,1929,12,Dec,5.0,1929-12-12
615,1930,6,Feb ,4.5,1930-02-06
616,1930,6,Mar,4.0,1930-03-06
617,1930,20,Mar,3.5,1930-03-20
618,1930,1,May,3.0,1930-05-01
620,1931,14,May,2.5,1931-05-14
621,1931,23,Jul,3.5,1931-07-23
622,1931,30,Jul,4.5,1931-07-30
623,1931,21,Sep,6.0,1931-09-21
625,1932,18,Feb,5.0,1932-02-18
626,1932,10,Mar,4.0,1932-03-10
627,1932,17,Mar,3.5,1932-03-17
628,1932,21,Apr,3.0,1932-04-21
629,1932,12,May,2.5,1932-05-12
630,1932,30,Jun,2.0,1932-06-30
634,1939,24,Aug,4.0,1939-08-24
635,1939,28,Sep,3.0,1939-09-28
636,1939,26,Oct,2.0,1939-10-26
640,1951,8,Nov,2.5,1951-11-08
642,1952,11,Mar,4.0,1952-03-11
644,1953,17,Sep,3.5,1953-09-17
646,1954,13,May,3.0,1954-05-13
648,1955,27,Jan,3.5,1955-01-27
649,1955,24,Feb,4.5,1955-02-24
651,1956,16,Feb,5.5,1956-02-16
653,1957,7,Feb,5.0,1957-02-07
654,1957,19,Sep,7.0,1957-09-19
656,1958,20,Mar,6.0,1958-03-20
657,1958,22,May,5.5,1958-05-22
658,1958,19,Jun,5.0,1958-06-19
659,1958,14,Aug,4.5,1958-08-14
660,1958,20,Nov,4.0,1958-11-20
664,1960,21,Jan,5.0,1960-01-21
665,1960,23,Jun,6.0,1960-06-23
666,1960,27,Oct,5.5,1960-10-27
667,1960,8,Dec,5.0,1960-12-08
669,1961,26,Jul,7.0,1961-07-26
670,1961,5,Oct,6.5,1961-10-05
671,1961,2,Nov,6.0,1961-11-02
673,1962,8,Mar,5.5,1962-03-08
674,1962,22,Mar,5.0,1962-03-22
675,1962,26,Apr,4.5,1962-04-26
677,1963,3,Jan,4.0,1963-01-03
679,1964,27,Feb,5.0,1964-02-27
680,1964,23,Nov,7.0,1964-11-23
682,1965,3,Jun,6.0,1965-06-03
684,1966,14,Jul,7.0,1966-07-14
686,1967,26,Jan,6.5,1967-01-26
687,1967,16,Mar,6.0,1967-03-16
688,1967,4,May,5.5,1967-05-04
689,1967,19,Oct,6.0,1967-10-19
690,1967,9,Nov,6.5,1967-11-09
691,1967,18,Nov,8.0,1967-11-18
693,1968,21,Mar,7.5,1968-03-21
694,1968,19,Sep,7.0,1968-09-19
696,1969,27,Feb,8.0,1969-02-27
698,1970,5,Mar,7.5,1970-03-05
699,1970,15,Apr,7.0,1970-04-15
701,1971,1,Apr,6.0,1971-04-01
702,1971,2,Sep,5.0,1971-09-02
704,1972,22,Jun,6.0,1972-06-22
708,1972,16,Oct,7.25,1972-10-16
709,1972,30,Oct,7.5,1972-10-30
710,1972,4,Dec,7.75,1972-12-04
711,1972,11,Dec,8.0,1972-12-11
712,1972,27,Dec,9.0,1972-12-27
714,1973,22,Jan,8.75,1973-01-22
715,1973,26,Mar,8.5,1973-03-26
716,1973,16,Apr,8.0,1973-04-16
717,1973,24,Apr,8.25,1973-04-24
718,1973,14,May,8.0,1973-05-14
719,1973,21,May,7.75,1973-05-21
720,1973,25,Jun,7.5,1973-06-25
721,1973,23,Jul,9.0,1973-07-23
722,1973,30,Jul,11.5,1973-07-30
723,1973,22,Oct,11.25,1973-10-22
724,1973,13,Nov,13.0,1973-11-13
726,1974,7,Jan,12.75,1974-01-07
727,1974,4,Feb,12.5,1974-02-04
728,1974,8,Apr,12.25,1974-04-08
729,1974,16,Apr,12.0,1974-04-16
730,1974,28,May,11.75,1974-05-28
731,1974,23,Sep,11.5,1974-09-23
733,1975,20,Jan,11.25,1975-01-20
734,1975,27,Jan,11.0,1975-01-27
735,1975,10,Feb,10.75,1975-02-10
736,1975,17,Feb,10.5,1975-02-17
737,1975,10,Mar,10.25,1975-03-10
738,1975,24,Mar,10.0,1975-03-24
739,1975,21,Apr,9.75,1975-04-21
740,1975,5,May,10.0,1975-05-05
741,1975,28,Jul,11.0,1975-07-28
742,1975,6,Oct,12.0,1975-10-06
743,1975,17,Nov,11.75,1975-11-17
744,1975,1,Dec,11.5,1975-12-01
745,1975,29,Dec,11.25,1975-12-29
747,1976,5,Jan,11.0,1976-01-05
748,1976,19,Jan,10.75,1976-01-19
749,1976,26,Jan,10.5,1976-01-26
750,1976,2,Feb,10.0,1976-02-02
751,1976,9,Feb,9.5,1976-02-09
752,1976,1,Mar,9.25,1976-03-01
753,1976,8,Mar,9.0,1976-03-08
754,1976,26,Apr,10.5,1976-04-26
755,1976,24,May,11.5,1976-05-24
756,1976,13,Sep,13.0,1976-09-13
757,1976,7,Oct,15.0,1976-10-07
758,1976,22,Nov,14.75,1976-11-22
759,1976,20,Dec,14.5,1976-12-20
760,1976,29,Dec,14.25,1976-12-29
762,1977,10,Jan,14.0,1977-01-10
763,1977,24,Jan,13.25,1977-01-24
764,1977,31,Jan,12.25,1977-01-31
765,1977,3,Feb,12.0,1977-02-03
766,1977,10,Mar,11.0,1977-03-10
767,1977,21,Mar,10.5,1977-03-21
768,1977,31,Mar,9.5,1977-03-31
769,1977,12,Apr,9.25,1977-04-12
770,1977,18,Apr,9.0,1977-04-18
771,1977,25,Apr,8.75,1977-04-25
772,1977,2,May,8.25,1977-05-02
773,1977,16,May,8.0,1977-05-16
774,1977,8,Aug,7.5,1977-08-08
775,1977,15,Aug,7.0,1977-08-15
776,1977,12,Sep,6.5,1977-09-12
777,1977,19,Sep,6.0,1977-09-19
778,1977,10,Oct,5.5,1977-10-10
779,1977,17,Oct,5.0,1977-10-17
780,1977,28,Nov,7.0,1977-11-28
782,1978,9,Jan,6.5,1978-01-09
783,1978,12,Apr,7.5,1978-04-12
784,1978,8,May,8.75,1978-05-08
785,1978,15,May,9.0,1978-05-15
786,1978,8,Jun,10.0,1978-06-08
787,1978,9,Nov,12.5,1978-11-09
789,1979,8,Feb,14.0,1979-02-08
790,1979,1,Mar,13.0,1979-03-01
791,1979,5,Apr,12.0,1979-04-05
792,1979,13,Jun,14.0,1979-06-13
793,1979,15,Nov,17.0,1979-11-15
795,1980,3,Jul,16.0,1980-07-03
796,1980,25,Nov,14.0,1980-11-25
798,1981,11,Mar,12.0,1981-03-11
802,1981,25,Aug,12.6875,1981-08-25
803,1981,15,Sep,14.0,1981-09-15
804,1981,12,Oct,15.0,1981-10-12
805,1981,28,Oct,15.125,1981-10-28
806,1981,6,Nov,15.0625,1981-11-06
807,1981,9,Nov,14.625,1981-11-09
808,1981,25,Nov,14.5625,1981-11-25
809,1981,4,Dec,14.375,1981-12-04
811,1982,18,Jan,14.3125,1982-01-18
812,1982,19,Jan,14.25,1982-01-19
813,1982,20,Jan,14.125,1982-01-20
814,1982,21,Jan,14.0,1982-01-21
815,1982,22,Jan,13.875,1982-01-22
816,1982,22,Feb,13.8125,1982-02-22
817,1982,25,Feb,13.625,1982-02-25
818,1982,10,Mar,13.25,1982-03-10
819,1982,16,Apr,13.125,1982-04-16
820,1982,19,Apr,13.0,1982-04-19
821,1982,20,Apr,13.125,1982-04-20
822,1982,8,Jun,12.625,1982-06-08
823,1982,9,Jul,12.5,1982-07-09
824,1982,12,Jul,12.25,1982-07-12
825,1982,13,Jul,12.125,1982-07-13
826,1982,21,Jul,12.0625,1982-07-21
827,1982,26,Jul,11.9375,1982-07-26
828,1982,28,Jul,11.8125,1982-07-28
829,1982,29,Jul,11.75,1982-07-29
830,1982,30,Jul,11.625,1982-07-30
831,1982,2,Aug,11.5625,1982-08-02
832,1982,4,Aug,11.5,1982-08-04
833,1982,16,Aug,11.375,1982-08-16
834,1982,17,Aug,11.25,1982-08-17
835,1982,24,Aug,11.125,1982-08-24
836,1982,25,Aug,11.0,1982-08-25
837,1982,26,Aug,10.875,1982-08-26
838,1982,27,Aug,10.625,1982-08-27
839,1982,27,Sep,10.5,1982-09-27
840,1982,28,Sep,10.375,1982-09-28
841,1982,29,Sep,10.25,1982-09-29
842,1982,30,Sep,10.125,1982-09-30
843,1982,12,Oct,9.625,1982-10-12
844,1982,1,Nov,9.375,1982-11-01
845,1982,2,Nov,9.125,1982-11-02
846,1982,26,Nov,10.0,1982-11-26
848,1983,12,Jan,11.0,1983-01-12
849,1983,15,Mar,10.5625,1983-03-15
850,1983,13,Apr,10.3125,1983-04-13
851,1983,14,Apr,10.0625,1983-04-14
852,1983,13,Jun,9.8125,1983-06-13
853,1983,14,Jun,9.5625,1983-06-14
854,1983,9,Aug,9.4375,1983-08-09
855,1983,10,Aug,9.5625,1983-08-10
856,1983,3,Oct,9.0625,1983-10-03
858,1984,7,Mar,8.8125,1984-03-07
859,1984,14,Mar,8.5625,1984-03-14
860,1984,10,may,9.0625,1984-05-10
861,1984,29,Jun,8.875,1984-06-29
862,1984,6,Jul,10.0,1984-07-06
863,1984,11,Jul,12.0,1984-07-11
864,1984,8,Aug,11.5,1984-08-08
865,1984,9,Aug,11.0,1984-08-09
866,1984,16,Aug,10.75,1984-08-16
867,1984,17,Aug,10.5,1984-08-17
868,1984,5,Nov,10.0,1984-11-05
869,1984,19,Nov,9.75,1984-11-19
870,1984,23,Nov,9.5,1984-11-23
872,1985,14,Jan,11.875,1985-01-14
873,1985,28,Jan,13.875,1985-01-28
874,1985,20,Mar,13.375,1985-03-20
875,1985,28,Mar,12.875,1985-03-28
876,1985,19,Apr,12.375,1985-04-19
877,1985,11,Jul,11.875,1985-07-11
878,1985,26,Jul,11.375,1985-07-26
880,1986,15,Jan,12.375,1986-01-15
881,1986,19,Mar,11.375,1986-03-19
882,1986,11,Apr,10.875,1986-04-11
883,1986,18,Apr,10.375,1986-04-18
884,1986,23,May,9.875,1986-05-23
885,1986,15,Oct,10.875,1986-10-15
887,1987,9,Mar,10.375,1987-03-09
888,1987,18,Mar,9.875,1987-03-18
889,1987,28,Apr,9.375,1987-04-28
890,1987,8,May,8.875,1987-05-08
891,1987,6,Aug,9.875,1987-08-06
892,1987,23,Oct,9.375,1987-10-23
893,1987,4,Nov,8.875,1987-11-04
894,1987,3,Dec,8.375,1987-12-03
896,1988,1,Feb,8.875,1988-02-01
897,1988,17,Mar,8.375,1988-03-17
898,1988,8,Apr,7.875,1988-04-08
899,1988,17,May,7.375,1988-05-17
900,1988,3,Jun,7.875,1988-06-03
901,1988,10,Jun,8.375,1988-06-10
902,1988,24,Jun,8.875,1988-06-24
903,1988,7,Jul,9.875,1988-07-07
904,1988,21,Jul,10.375,1988-07-21
905,1988,8,Aug,10.875,1988-08-08
906,1988,25,Aug,11.875,1988-08-25
907,1988,25,Nov,12.875,1988-11-25
909,1989,25,May,13.75,1989-05-25
910,1989,31,Aug,13.8438,1989-08-31
911,1989,4,Sep,13.875,1989-09-04
912,1989,8,Sep,13.75,1989-09-08
913,1989,6,Oct,14.875,1989-10-06
915,1990,8,Oct,13.875,1990-10-08
917,1991,13,Feb,13.375,1991-02-13
918,1991,27,Feb,12.875,1991-02-27
919,1991,22,Mar,12.375,1991-03-22
920,1991,12,Apr,11.875,1991-04-12
921,1991,24,May,11.375,1991-05-24
922,1991,12,Jul,10.875,1991-07-12
923,1991,4,Sep,10.375,1991-09-04
925,1992,5,May,9.875,1992-05-05
926,1992,22,Sep,8.875,1992-09-22
927,1992,16,Oct,7.875,1992-10-16
928,1992,13,Nov,6.875,1992-11-13
930,1993,26,Jan,5.875,1993-01-26
931,1993,23,Nov,5.375,1993-11-23
933,1994,8,Feb,5.125,1994-02-08
934,1994,12,Sep,5.625,1994-09-12
935,1994,7,Dec,6.125,1994-12-07
937,1995,2,Feb,6.625,1995-02-02
938,1995,13,Dec,6.375,1995-12-13
940,1996,18,Jan,6.125,1996-01-18
941,1996,8,Mar,5.9375,1996-03-08
942,1996,6,Jun,5.6875,1996-06-06
943,1996,30,Oct,5.9375,1996-10-30
947,1997,6,May,6.25,1997-05-06
948,1997,6,Jun,6.5,1997-06-06
949,1997,10,Jul,6.75,1997-07-10
950,1997,7,Aug,7.0,1997-08-07
951,1997,6,Nov,7.25,1997-11-06
953,1998,4,Jun,7.5,1998-06-04
954,1998,8,Oct,7.25,1998-10-08
955,1998,5,Nov,6.75,1998-11-05
956,1998,10,Dec,6.25,1998-12-10
958,1999,7,Jan,6.0,1999-01-07
959,1999,4,Feb,5.5,1999-02-04
960,1999,8,Apr,5.25,1999-04-08
961,1999,10,Jun,5.0,1999-06-10
962,1999,8,Sep,5.25,1999-09-08
963,1999,4,Nov,5.5,1999-11-04
965,2000,13,Jan,5.75,2000-01-13
966,2000,10,Feb,6.0,2000-02-10
968,2001,8,Feb,5.75,2001-02-08
969,2001,5,Apr,5.5,2001-04-05
970,2001,10,May,5.25,2001-05-10
971,2001,2,Aug,5.0,2001-08-02
972,2001,18,Sep,4.75,2001-09-18
973,2001,4,Oct,4.5,2001-10-04
974,2001,8,Nov,4.0,2001-11-08
976,2003,6,Feb,3.75,2003-02-06
977,2003,10,Jul,3.5,2003-07-10
978,2003,6,Nov,3.75,2003-11-06
980,2004,5,Feb,4.0,2004-02-05
981,2004,6,May,4.25,2004-05-06
982,2004,10,Jun,4.5,2004-06-10
983,2004,5,Aug,4.75,2004-08-05
985,2005,4,Aug,4.5,2005-08-04
989,2006,3,Aug,4.75,2006-08-03
990,2006,9,Nov,5.0,2006-11-09
992,2007,11,Jan,5.25,2007-01-11
993,2007,10,May,5.5,2007-05-10
994,2007,5,July,5.75,2007-07-05
995,2007,6,Dec,5.5,2007-12-06
997,2008,7,Feb,5.25,2008-02-07
998,2008,10,April,5.0,2008-04-10
999,2008,8,Oct,4.5,2008-10-08
1000,2008,6,Nov,3.0,2008-11-06
1001,2008,4,Dec,2.0,2008-12-04
1003,2009,8,Jan,1.5,2009-01-08
1004,2009,5,Feb,1.0,2009-02-05
1005,2009,5,Mar,0.5,2009-03-05
1007,2016,4,Aug,0.25,2016-08-04
1009,2017,2,Nov,0.5,2017-11-02
1011,2018,2,Aug ,0.75,2018-08-02
1013,2020,11,Mar,0.25,2020-03-11
1014,2020,19,Mar,0.1,2020-03-19
1016,2021,16,Dec,0.25,2021-12-16
1018,2022,3,Feb,0.5,2022-02-03
1019,2022,17,Mar,0.75,2022-03-17
1020,2022,5,May,1.0,2022-05-05
1021,2022,16,Jun,1.25,2022-06-16
1022,2022,4,Aug,1.75,2022-08-04
1023,2022,22,Sep,2.25,2022-09-22
1024,2022,3,Nov,3.0,2022-11-03
1025,2022,15,Dec,3.5,2022-12-15
1027,2023,2,Feb,4.0,2023-02-02
1028,2023,23,Mar,4.25,2023-03-23
1029,2023,11,May,4.5,2023-05-11
1030,2023,22,Jun,5.0,2023-06-22
